user_id,name,age,location,preferred_genres
U0001,User1,45,Chennai,electronics
U0002,User2,55,Bangalore,electronics
U0003,User3,33,Bangalore,electronics
U0004,User4,18,Mumbai,electronics
U0005,User5,25,Delhi,electronics
U0006,User6,28,Delhi,electronics
U0007,User7,55,Mumbai,electronics
U0008,User8,44,Chennai,electronics
U0009,User9,34,Chennai,electronics
U0010,User10,23,Delhi,electronics
U0011,User11,47,Bangalore,electronics
U0012,User12,34,Chennai,electronics
U0013,User13,55,Delhi,electronics
U0014,User14,50,Chennai,electronics
U0015,User15,36,Chennai,electronics
U0016,User16,55,Chennai,electronics
U0017,User17,42,Delhi,electronics
U0018,User18,52,Mumbai,electronics
U0019,User19,47,Chennai,electronics
U0020,User20,59,Chennai,electronics
U0021,User21,53,Mumbai,electronics
U0022,User22,44,Mumbai,electronics
U0023,User23,24,Delhi,electronics
U0024,User24,49,Chennai,electronics
U0025,User25,22,Chennai,electronics
U0026,User26,43,Mumbai,electronics
U0027,User27,49,Mumbai,electronics
U0028,User28,40,Delhi,electronics
U0029,User29,40,Mumbai,electronics
U0030,User30,18,Bangalore,electronics
U0031,User31,56,Bangalore,electronics
U0032,User32,22,Bangalore,electronics
U0033,User33,34,Delhi,electronics
U0034,User34,52,Bangalore,electronics
U0035,User35,57,Delhi,electronics
U0036,User36,23,Bangalore,electronics
U0037,User37,44,Bangalore,electronics
U0038,User38,52,Mumbai,electronics
U0039,User39,47,Bangalore,electronics
U0040,User40,58,Chennai,electronics
U0041,User41,37,Delhi,electronics
U0042,User42,36,Bangalore,electronics
U0043,User43,24,Delhi,electronics
U0044,User44,48,Chennai,electronics
U0045,User45,19,Delhi,electronics
U0046,User46,49,Bangalore,electronics
U0047,User47,46,Chennai,electronics
U0048,User48,45,Delhi,electronics
U0049,User49,59,Bangalore,electronics
U0050,User50,40,Bangalore,electronics
U0051,User51,56,Bangalore,electronics
U0052,User52,39,Delhi,electronics
U0053,User53,57,Delhi,electronics
U0054,User54,58,Mumbai,electronics
U0055,User55,56,Chennai,electronics
U0056,User56,59,Mumbai,electronics
U0057,User57,37,Delhi,electronics
U0058,User58,47,Bangalore,electronics
U0059,User59,53,Delhi,electronics
U0060,User60,46,Delhi,electronics
U0061,User61,59,Delhi,electronics
U0062,User62,53,Mumbai,electronics
U0063,User63,38,Mumbai,electronics
U0064,User64,46,Bangalore,electronics
U0065,User65,44,Delhi,electronics
U0066,User66,58,Bangalore,electronics
U0067,User67,26,Mumbai,electronics
U0068,User68,56,Bangalore,electronics
U0069,User69,57,Mumbai,electronics
U0070,User70,54,Delhi,electronics
U0071,User71,38,Mumbai,electronics
U0072,User72,54,Chennai,electronics
U0073,User73,36,Bangalore,electronics
U0074,User74,53,Mumbai,electronics
U0075,User75,33,Delhi,electronics
U0076,User76,35,Chennai,electronics
U0077,User77,35,Chennai,electronics
U0078,User78,50,Delhi,electronics
U0079,User79,22,Mumbai,electronics
U0080,User80,20,Chennai,electronics
U0081,User81,43,Bangalore,electronics
U0082,User82,44,Bangalore,electronics
U0083,User83,45,Mumbai,electronics
U0084,User84,23,Chennai,electronics
U0085,User85,18,Chennai,electronics
U0086,User86,59,Chennai,electronics
U0087,User87,50,Delhi,electronics
U0088,User88,41,Mumbai,electronics
U0089,User89,58,Mumbai,electronics
U0090,User90,21,Mumbai,electronics
U0091,User91,18,Chennai,electronics
U0092,User92,44,Delhi,electronics
U0093,User93,57,Mumbai,electronics
U0094,User94,46,Mumbai,electronics
U0095,User95,55,Delhi,electronics
U0096,User96,36,Bangalore,electronics
U0097,User97,21,Delhi,electronics
U0098,User98,31,Bangalore,electronics
U0099,User99,26,Chennai,electronics
U0100,User100,35,Bangalore,electronics
U0101,User101,41,Delhi,electronics
U0102,User102,30,Bangalore,electronics
U0103,User103,57,Chennai,electronics
U0104,User104,41,Chennai,electronics
U0105,User105,47,Mumbai,electronics
U0106,User106,28,Delhi,electronics
U0107,User107,24,Delhi,electronics
U0108,User108,40,Chennai,electronics
U0109,User109,43,Delhi,electronics
U0110,User110,27,Delhi,electronics
U0111,User111,45,Delhi,electronics
U0112,User112,47,Bangalore,electronics
U0113,User113,46,Bangalore,electronics
U0114,User114,19,Bangalore,electronics
U0115,User115,18,Mumbai,electronics
U0116,User116,40,Mumbai,electronics
U0117,User117,58,Bangalore,electronics
U0118,User118,33,Bangalore,electronics
U0119,User119,28,Bangalore,electronics
U0120,User120,38,Mumbai,electronics
U0121,User121,33,Chennai,electronics
U0122,User122,52,Delhi,electronics
U0123,User123,37,Mumbai,electronics
U0124,User124,54,Bangalore,electronics
U0125,User125,38,Delhi,electronics
U0126,User126,58,Bangalore,electronics
U0127,User127,59,Chennai,electronics
U0128,User128,33,Delhi,electronics
U0129,User129,18,Chennai,electronics
U0130,User130,39,Bangalore,electronics
U0131,User131,29,Bangalore,electronics
U0132,User132,45,Chennai,electronics
U0133,User133,50,Delhi,electronics
U0134,User134,37,Bangalore,electronics
U0135,User135,59,Mumbai,electronics
U0136,User136,46,Mumbai,electronics
U0137,User137,23,Mumbai,electronics
U0138,User138,39,Bangalore,electronics
U0139,User139,25,Chennai,electronics
U0140,User140,22,Delhi,electronics
U0141,User141,46,Delhi,electronics
U0142,User142,56,Mumbai,electronics
U0143,User143,47,Chennai,electronics
U0144,User144,31,Bangalore,electronics
U0145,User145,22,Bangalore,electronics
U0146,User146,35,Mumbai,electronics
U0147,User147,52,Chennai,electronics
U0148,User148,49,Mumbai,electronics
U0149,User149,42,Chennai,electronics
U0150,User150,25,Delhi,electronics
U0151,User151,31,Bangalore,electronics
U0152,User152,45,Mumbai,electronics
U0153,User153,21,Chennai,electronics
U0154,User154,20,Delhi,electronics
U0155,User155,52,Bangalore,electronics
U0156,User156,22,Chennai,electronics
U0157,User157,43,Delhi,electronics
U0158,User158,40,Mumbai,electronics
U0159,User159,45,Mumbai,electronics
U0160,User160,36,Bangalore,electronics
U0161,User161,35,Delhi,electronics
U0162,User162,50,Delhi,electronics
U0163,User163,36,Mumbai,electronics
U0164,User164,42,Chennai,electronics
U0165,User165,20,Chennai,electronics
U0166,User166,55,Bangalore,electronics
U0167,User167,42,Chennai,electronics
U0168,User168,40,Delhi,electronics
U0169,User169,50,Delhi,electronics
U0170,User170,27,Mumbai,electronics
U0171,User171,52,Bangalore,electronics
U0172,User172,54,Mumbai,electronics
U0173,User173,50,Chennai,electronics
U0174,User174,50,Mumbai,electronics
U0175,User175,32,Delhi,electronics
U0176,User176,18,Bangalore,electronics
U0177,User177,46,Mumbai,electronics
U0178,User178,45,Bangalore,electronics
U0179,User179,47,Delhi,electronics
U0180,User180,55,Chennai,electronics
U0181,User181,37,Delhi,electronics
U0182,User182,51,Mumbai,electronics
U0183,User183,51,Delhi,electronics
U0184,User184,27,Mumbai,electronics
U0185,User185,44,Delhi,electronics
U0186,User186,35,Mumbai,electronics
U0187,User187,21,Chennai,electronics
U0188,User188,43,Chennai,electronics
U0189,User189,52,Mumbai,electronics
U0190,User190,53,Chennai,electronics
U0191,User191,38,Mumbai,electronics
U0192,User192,53,Delhi,electronics
U0193,User193,37,Delhi,electronics
U0194,User194,49,Bangalore,electronics
U0195,User195,43,Mumbai,electronics
U0196,User196,54,Bangalore,electronics
U0197,User197,53,Bangalore,electronics
U0198,User198,49,Delhi,electronics
U0199,User199,45,Chennai,electronics
U0200,User200,52,Delhi,electronics
U0201,User201,56,Bangalore,electronics
U0202,User202,33,Chennai,electronics
U0203,User203,22,Delhi,electronics
U0204,User204,30,Bangalore,electronics
U0205,User205,50,Bangalore,electronics
U0206,User206,26,Bangalore,electronics
U0207,User207,47,Delhi,electronics
U0208,User208,19,Mumbai,electronics
U0209,User209,27,Mumbai,electronics
U0210,User210,52,Bangalore,electronics
U0211,User211,18,Bangalore,electronics
U0212,User212,33,Bangalore,electronics
U0213,User213,36,Chennai,electronics
U0214,User214,27,Chennai,electronics
U0215,User215,58,Chennai,electronics
U0216,User216,36,Bangalore,electronics
U0217,User217,57,Chennai,electronics
U0218,User218,35,Bangalore,electronics
U0219,User219,33,Delhi,electronics
U0220,User220,45,Chennai,electronics
U0221,User221,37,Chennai,electronics
U0222,User222,54,Mumbai,electronics
U0223,User223,19,Bangalore,electronics
U0224,User224,58,Mumbai,electronics
U0225,User225,24,Bangalore,electronics
U0226,User226,58,Delhi,electronics
U0227,User227,41,Bangalore,electronics
U0228,User228,45,Delhi,electronics
U0229,User229,22,Chennai,electronics
U0230,User230,45,Delhi,electronics
U0231,User231,44,Chennai,electronics
U0232,User232,19,Mumbai,electronics
U0233,User233,39,Delhi,electronics
U0234,User234,56,Mumbai,electronics
U0235,User235,23,Bangalore,electronics
U0236,User236,52,Bangalore,electronics
U0237,User237,20,Chennai,electronics
U0238,User238,23,Chennai,electronics
U0239,User239,46,Bangalore,electronics
U0240,User240,26,Mumbai,electronics
U0241,User241,35,Bangalore,electronics
U0242,User242,32,Bangalore,electronics
U0243,User243,43,Chennai,electronics
U0244,User244,43,Bangalore,electronics
U0245,User245,47,Bangalore,electronics
U0246,User246,36,Chennai,electronics
U0247,User247,47,Bangalore,electronics
U0248,User248,46,Mumbai,electronics
U0249,User249,25,Mumbai,electronics
U0250,User250,54,Chennai,electronics
U0251,User251,20,Chennai,electronics
U0252,User252,52,Delhi,electronics
U0253,User253,18,Bangalore,electronics
U0254,User254,26,Delhi,electronics
U0255,User255,58,Delhi,electronics
U0256,User256,44,Delhi,electronics
U0257,User257,26,Mumbai,electronics
U0258,User258,25,Bangalore,electronics
U0259,User259,23,Delhi,electronics
U0260,User260,44,Delhi,electronics
U0261,User261,43,Delhi,electronics
U0262,User262,20,Bangalore,electronics
U0263,User263,27,Mumbai,electronics
U0264,User264,44,Delhi,electronics
U0265,User265,57,Chennai,electronics
U0266,User266,49,Delhi,electronics
U0267,User267,25,Mumbai,electronics
U0268,User268,54,Mumbai,electronics
U0269,User269,50,Chennai,electronics
U0270,User270,33,Bangalore,electronics
U0271,User271,21,Bangalore,electronics
U0272,User272,53,Chennai,electronics
U0273,User273,32,Chennai,electronics
U0274,User274,32,Bangalore,electronics
U0275,User275,45,Mumbai,electronics
U0276,User276,45,Bangalore,electronics
U0277,User277,44,Delhi,electronics
U0278,User278,28,Mumbai,electronics
U0279,User279,59,Delhi,electronics
U0280,User280,38,Chennai,electronics
U0281,User281,23,Mumbai,electronics
U0282,User282,29,Delhi,electronics
U0283,User283,54,Chennai,electronics
U0284,User284,40,Bangalore,electronics
U0285,User285,42,Chennai,electronics
U0286,User286,37,Chennai,electronics
U0287,User287,44,Bangalore,electronics
U0288,User288,36,Delhi,electronics
U0289,User289,21,Chennai,electronics
U0290,User290,45,Chennai,electronics
U0291,User291,57,Mumbai,electronics
U0292,User292,58,Bangalore,electronics
U0293,User293,26,Mumbai,electronics
U0294,User294,30,Delhi,electronics
U0295,User295,36,Chennai,electronics
U0296,User296,21,Mumbai,electronics
U0297,User297,34,Bangalore,electronics
U0298,User298,38,Delhi,electronics
U0299,User299,19,Chennai,electronics
U0300,User300,58,Chennai,electronics
U0301,User301,50,Mumbai,electronics
U0302,User302,33,Delhi,electronics
U0303,User303,36,Chennai,electronics
U0304,User304,30,Bangalore,electronics
U0305,User305,26,Chennai,electronics
U0306,User306,29,Mumbai,electronics
U0307,User307,21,Chennai,electronics
U0308,User308,18,Mumbai,electronics
U0309,User309,53,Delhi,electronics
U0310,User310,37,Chennai,electronics
U0311,User311,49,Bangalore,electronics
U0312,User312,28,Mumbai,electronics
U0313,User313,42,Delhi,electronics
U0314,User314,35,Bangalore,electronics
U0315,User315,22,Delhi,electronics
U0316,User316,45,Mumbai,electronics
U0317,User317,28,Delhi,electronics
U0318,User318,35,Bangalore,electronics
U0319,User319,55,Bangalore,electronics
U0320,User320,56,Bangalore,electronics
U0321,User321,31,Chennai,electronics
U0322,User322,49,Chennai,electronics
U0323,User323,32,Bangalore,electronics
U0324,User324,32,Chennai,electronics
U0325,User325,34,Delhi,electronics
U0326,User326,20,Delhi,electronics
U0327,User327,51,Bangalore,electronics
U0328,User328,50,Delhi,electronics
U0329,User329,59,Chennai,electronics
U0330,User330,34,Bangalore,electronics
U0331,User331,20,Chennai,electronics
U0332,User332,24,Delhi,electronics
U0333,User333,39,Bangalore,electronics
U0334,User334,18,Delhi,electronics
U0335,User335,37,Delhi,electronics
U0336,User336,31,Mumbai,electronics
U0337,User337,40,Delhi,electronics
U0338,User338,40,Chennai,electronics
U0339,User339,40,Chennai,electronics
U0340,User340,37,Delhi,electronics
U0341,User341,49,Delhi,electronics
U0342,User342,54,Bangalore,electronics
U0343,User343,29,Delhi,electronics
U0344,User344,45,Chennai,electronics
U0345,User345,55,Chennai,electronics
U0346,User346,56,Mumbai,electronics
U0347,User347,39,Mumbai,electronics
U0348,User348,43,Bangalore,electronics
U0349,User349,44,Delhi,electronics
U0350,User350,25,Delhi,electronics
U0351,User351,18,Delhi,electronics
U0352,User352,55,Chennai,electronics
U0353,User353,58,Chennai,electronics
U0354,User354,38,Delhi,electronics
U0355,User355,54,Bangalore,electronics
U0356,User356,21,Bangalore,electronics
U0357,User357,27,Mumbai,electronics
U0358,User358,25,Chennai,electronics
U0359,User359,34,Mumbai,electronics
U0360,User360,36,Chennai,electronics
U0361,User361,30,Bangalore,electronics
U0362,User362,44,Mumbai,electronics
U0363,User363,18,Mumbai,electronics
U0364,User364,23,Delhi,electronics
U0365,User365,45,Chennai,electronics
U0366,User366,59,Mumbai,electronics
U0367,User367,41,Mumbai,electronics
U0368,User368,23,Mumbai,electronics
U0369,User369,40,Bangalore,electronics
U0370,User370,41,Chennai,electronics
U0371,User371,29,Chennai,electronics
U0372,User372,44,Delhi,electronics
U0373,User373,19,Delhi,electronics
U0374,User374,21,Chennai,electronics
U0375,User375,47,Bangalore,electronics
U0376,User376,26,Mumbai,electronics
U0377,User377,53,Mumbai,electronics
U0378,User378,49,Mumbai,electronics
U0379,User379,18,Chennai,electronics
U0380,User380,38,Bangalore,electronics
U0381,User381,40,Delhi,electronics
U0382,User382,37,Delhi,electronics
U0383,User383,18,Chennai,electronics
U0384,User384,43,Delhi,electronics
U0385,User385,52,Chennai,electronics
U0386,User386,26,Bangalore,electronics
U0387,User387,18,Bangalore,electronics
U0388,User388,42,Mumbai,electronics
U0389,User389,37,Chennai,electronics
U0390,User390,51,Delhi,electronics
U0391,User391,54,Bangalore,electronics
U0392,User392,43,Mumbai,electronics
U0393,User393,50,Delhi,electronics
U0394,User394,44,Mumbai,electronics
U0395,User395,37,Chennai,electronics
U0396,User396,46,Delhi,electronics
U0397,User397,19,Delhi,electronics
U0398,User398,21,Chennai,electronics
U0399,User399,19,Delhi,electronics
U0400,User400,32,Delhi,electronics
U0401,User401,29,Chennai,electronics
U0402,User402,28,Bangalore,electronics
U0403,User403,47,Chennai,electronics
U0404,User404,55,Bangalore,electronics
U0405,User405,26,Delhi,electronics
U0406,User406,44,Mumbai,electronics
U0407,User407,45,Bangalore,electronics
U0408,User408,35,Chennai,electronics
U0409,User409,19,Bangalore,electronics
U0410,User410,20,Delhi,electronics
U0411,User411,57,Delhi,electronics
U0412,User412,47,Chennai,electronics
U0413,User413,56,Delhi,electronics
U0414,User414,19,Chennai,electronics
U0415,User415,44,Mumbai,electronics
U0416,User416,33,Mumbai,electronics
U0417,User417,18,Chennai,electronics
U0418,User418,34,Bangalore,electronics
U0419,User419,53,Chennai,electronics
U0420,User420,39,Bangalore,electronics
U0421,User421,34,Bangalore,electronics
U0422,User422,48,Delhi,electronics
U0423,User423,52,Delhi,electronics
U0424,User424,36,Mumbai,electronics
U0425,User425,54,Delhi,electronics
U0426,User426,50,Bangalore,electronics
U0427,User427,59,Chennai,electronics
U0428,User428,49,Mumbai,electronics
U0429,User429,44,Bangalore,electronics
U0430,User430,58,Delhi,electronics
U0431,User431,59,Delhi,electronics
U0432,User432,54,Chennai,electronics
U0433,User433,45,Chennai,electronics
U0434,User434,42,Chennai,electronics
U0435,User435,52,Mumbai,electronics
U0436,User436,56,Delhi,electronics
U0437,User437,49,Chennai,electronics
U0438,User438,58,Chennai,electronics
U0439,User439,36,Mumbai,electronics
U0440,User440,22,Mumbai,electronics
U0441,User441,18,Chennai,electronics
U0442,User442,31,Chennai,electronics
U0443,User443,30,Chennai,electronics
U0444,User444,57,Mumbai,electronics
U0445,User445,37,Delhi,electronics
U0446,User446,21,Bangalore,electronics
U0447,User447,20,Mumbai,electronics
U0448,User448,28,Delhi,electronics
U0449,User449,18,Chennai,electronics
U0450,User450,27,Chennai,electronics
U0451,User451,38,Mumbai,electronics
U0452,User452,56,Delhi,electronics
U0453,User453,41,Delhi,electronics
U0454,User454,32,Delhi,electronics
U0455,User455,37,Chennai,electronics
U0456,User456,30,Delhi,electronics
U0457,User457,34,Delhi,electronics
U0458,User458,53,Bangalore,electronics
U0459,User459,29,Mumbai,electronics
U0460,User460,37,Mumbai,electronics
U0461,User461,33,Delhi,electronics
U0462,User462,30,Delhi,electronics
U0463,User463,38,Chennai,electronics
U0464,User464,41,Chennai,electronics
U0465,User465,30,Bangalore,electronics
U0466,User466,54,Chennai,electronics
U0467,User467,35,Bangalore,electronics
U0468,User468,38,Chennai,electronics
U0469,User469,31,Delhi,electronics
U0470,User470,49,Bangalore,electronics
U0471,User471,37,Delhi,electronics
U0472,User472,54,Mumbai,electronics
U0473,User473,26,Bangalore,electronics
U0474,User474,41,Mumbai,electronics
U0475,User475,38,Chennai,electronics
U0476,User476,36,Delhi,electronics
U0477,User477,37,Chennai,electronics
U0478,User478,21,Bangalore,electronics
U0479,User479,58,Bangalore,electronics
U0480,User480,50,Mumbai,electronics
U0481,User481,18,Mumbai,electronics
U0482,User482,33,Bangalore,electronics
U0483,User483,33,Delhi,electronics
U0484,User484,52,Delhi,electronics
U0485,User485,41,Bangalore,electronics
U0486,User486,38,Chennai,electronics
U0487,User487,31,Delhi,electronics
U0488,User488,44,Delhi,electronics
U0489,User489,51,Bangalore,electronics
U0490,User490,33,Bangalore,electronics
U0491,User491,47,Chennai,electronics
U0492,User492,29,Chennai,electronics
U0493,User493,51,Chennai,electronics
U0494,User494,44,Delhi,electronics
U0495,User495,41,Chennai,electronics
U0496,User496,40,Mumbai,electronics
U0497,User497,24,Bangalore,electronics
U0498,User498,51,Mumbai,electronics
U0499,User499,33,Chennai,electronics
U0500,User500,48,Mumbai,electronics
U0501,User501,45,Delhi,sports
U0502,User502,49,Delhi,sports
U0503,User503,50,Mumbai,sports
U0504,User504,26,Bangalore,sports
U0505,User505,21,Bangalore,sports
U0506,User506,28,Mumbai,sports
U0507,User507,56,Delhi,sports
U0508,User508,42,Mumbai,sports
U0509,User509,49,Delhi,sports
U0510,User510,30,Mumbai,sports
U0511,User511,58,Chennai,sports
U0512,User512,53,Bangalore,sports
U0513,User513,54,Delhi,sports
U0514,User514,21,Mumbai,sports
U0515,User515,48,Chennai,sports
U0516,User516,53,Delhi,sports
U0517,User517,20,Delhi,sports
U0518,User518,18,Chennai,sports
U0519,User519,32,Delhi,sports
U0520,User520,40,Chennai,sports
U0521,User521,33,Bangalore,sports
U0522,User522,46,Chennai,sports
U0523,User523,55,Delhi,sports
U0524,User524,23,Delhi,sports
U0525,User525,53,Delhi,sports
U0526,User526,20,Chennai,sports
U0527,User527,31,Bangalore,sports
U0528,User528,29,Mumbai,sports
U0529,User529,55,Delhi,sports
U0530,User530,18,Bangalore,sports
U0531,User531,54,Bangalore,sports
U0532,User532,57,Mumbai,sports
U0533,User533,22,Bangalore,sports
U0534,User534,32,Bangalore,sports
U0535,User535,21,Chennai,sports
U0536,User536,53,Bangalore,sports
U0537,User537,29,Chennai,sports
U0538,User538,45,Delhi,sports
U0539,User539,23,Mumbai,sports
U0540,User540,42,Mumbai,sports
U0541,User541,51,Bangalore,sports
U0542,User542,49,Bangalore,sports
U0543,User543,48,Bangalore,sports
U0544,User544,27,Chennai,sports
U0545,User545,53,Delhi,sports
U0546,User546,19,Mumbai,sports
U0547,User547,28,Mumbai,sports
U0548,User548,46,Delhi,sports
U0549,User549,44,Chennai,sports
U0550,User550,59,Chennai,sports
U0551,User551,24,Bangalore,sports
U0552,User552,32,Bangalore,sports
U0553,User553,21,Chennai,sports
U0554,User554,38,Bangalore,sports
U0555,User555,49,Bangalore,sports
U0556,User556,18,Delhi,sports
U0557,User557,56,Bangalore,sports
U0558,User558,55,Bangalore,sports
U0559,User559,58,Mumbai,sports
U0560,User560,47,Bangalore,sports
U0561,User561,43,Chennai,sports
U0562,User562,59,Bangalore,sports
U0563,User563,49,Chennai,sports
U0564,User564,24,Chennai,sports
U0565,User565,46,Mumbai,sports
U0566,User566,44,Chennai,sports
U0567,User567,51,Delhi,sports
U0568,User568,28,Mumbai,sports
U0569,User569,18,Chennai,sports
U0570,User570,51,Delhi,sports
U0571,User571,41,Mumbai,sports
U0572,User572,55,Bangalore,sports
U0573,User573,26,Delhi,sports
U0574,User574,54,Delhi,sports
U0575,User575,26,Delhi,sports
U0576,User576,24,Bangalore,sports
U0577,User577,29,Mumbai,sports
U0578,User578,21,Mumbai,sports
U0579,User579,58,Chennai,sports
U0580,User580,45,Bangalore,sports
U0581,User581,45,Mumbai,sports
U0582,User582,18,Bangalore,sports
U0583,User583,20,Mumbai,sports
U0584,User584,58,Mumbai,sports
U0585,User585,38,Delhi,sports
U0586,User586,24,Delhi,sports
U0587,User587,23,Chennai,sports
U0588,User588,55,Bangalore,sports
U0589,User589,52,Chennai,sports
U0590,User590,53,Mumbai,sports
U0591,User591,28,Mumbai,sports
U0592,User592,36,Mumbai,sports
U0593,User593,46,Delhi,sports
U0594,User594,57,Mumbai,sports
U0595,User595,58,Mumbai,sports
U0596,User596,35,Chennai,sports
U0597,User597,51,Bangalore,sports
U0598,User598,47,Mumbai,sports
U0599,User599,39,Chennai,sports
U0600,User600,39,Bangalore,sports
U0601,User601,30,Chennai,sports
U0602,User602,19,Chennai,sports
U0603,User603,50,Mumbai,sports
U0604,User604,59,Mumbai,sports
U0605,User605,18,Delhi,sports
U0606,User606,55,Mumbai,sports
U0607,User607,34,Bangalore,sports
U0608,User608,48,Delhi,sports
U0609,User609,18,Delhi,sports
U0610,User610,30,Delhi,sports
U0611,User611,38,Bangalore,sports
U0612,User612,41,Chennai,sports
U0613,User613,45,Mumbai,sports
U0614,User614,28,Chennai,sports
U0615,User615,46,Delhi,sports
U0616,User616,18,Delhi,sports
U0617,User617,26,Delhi,sports
U0618,User618,20,Chennai,sports
U0619,User619,28,Bangalore,sports
U0620,User620,36,Delhi,sports
U0621,User621,54,Mumbai,sports
U0622,User622,31,Mumbai,sports
U0623,User623,54,Chennai,sports
U0624,User624,25,Delhi,sports
U0625,User625,23,Mumbai,sports
U0626,User626,22,Chennai,sports
U0627,User627,45,Mumbai,sports
U0628,User628,33,Mumbai,sports
U0629,User629,46,Bangalore,sports
U0630,User630,52,Delhi,sports
U0631,User631,24,Bangalore,sports
U0632,User632,54,Mumbai,sports
U0633,User633,44,Bangalore,sports
U0634,User634,25,Bangalore,sports
U0635,User635,40,Delhi,sports
U0636,User636,22,Mumbai,sports
U0637,User637,37,Bangalore,sports
U0638,User638,21,Chennai,sports
U0639,User639,25,Mumbai,sports
U0640,User640,45,Chennai,sports
U0641,User641,43,Delhi,sports
U0642,User642,46,Delhi,sports
U0643,User643,25,Chennai,sports
U0644,User644,56,Bangalore,sports
U0645,User645,39,Delhi,sports
U0646,User646,45,Mumbai,sports
U0647,User647,26,Bangalore,sports
U0648,User648,27,Chennai,sports
U0649,User649,57,Mumbai,sports
U0650,User650,42,Mumbai,sports
U0651,User651,37,Mumbai,sports
U0652,User652,33,Bangalore,sports
U0653,User653,31,Mumbai,sports
U0654,User654,27,Chennai,sports
U0655,User655,48,Delhi,sports
U0656,User656,58,Chennai,sports
U0657,User657,25,Mumbai,sports
U0658,User658,36,Chennai,sports
U0659,User659,41,Chennai,sports
U0660,User660,56,Delhi,sports
U0661,User661,35,Chennai,sports
U0662,User662,54,Mumbai,sports
U0663,User663,35,Bangalore,sports
U0664,User664,59,Mumbai,sports
U0665,User665,19,Mumbai,sports
U0666,User666,50,Delhi,sports
U0667,User667,41,Mumbai,sports
U0668,User668,48,Mumbai,sports
U0669,User669,50,Delhi,sports
U0670,User670,55,Chennai,sports
U0671,User671,24,Chennai,sports
U0672,User672,21,Mumbai,sports
U0673,User673,35,Mumbai,sports
U0674,User674,46,Delhi,sports
U0675,User675,57,Chennai,sports
U0676,User676,51,Mumbai,sports
U0677,User677,40,Delhi,sports
U0678,User678,37,Chennai,sports
U0679,User679,34,Delhi,sports
U0680,User680,48,Bangalore,sports
U0681,User681,21,Mumbai,sports
U0682,User682,56,Chennai,sports
U0683,User683,40,Mumbai,sports
U0684,User684,53,Delhi,sports
U0685,User685,30,Delhi,sports
U0686,User686,41,Bangalore,sports
U0687,User687,33,Delhi,sports
U0688,User688,42,Bangalore,sports
U0689,User689,22,Bangalore,sports
U0690,User690,47,Chennai,sports
U0691,User691,23,Chennai,sports
U0692,User692,27,Mumbai,sports
U0693,User693,29,Mumbai,sports
U0694,User694,51,Chennai,sports
U0695,User695,49,Delhi,sports
U0696,User696,53,Delhi,sports
U0697,User697,36,Bangalore,sports
U0698,User698,33,Bangalore,sports
U0699,User699,38,Mumbai,sports
U0700,User700,53,Bangalore,sports
U0701,User701,54,Chennai,sports
U0702,User702,25,Bangalore,sports
U0703,User703,48,Bangalore,sports
U0704,User704,32,Bangalore,sports
U0705,User705,54,Bangalore,sports
U0706,User706,35,Chennai,sports
U0707,User707,26,Bangalore,sports
U0708,User708,58,Chennai,sports
U0709,User709,51,Chennai,sports
U0710,User710,36,Chennai,sports
U0711,User711,50,Chennai,sports
U0712,User712,26,Chennai,sports
U0713,User713,41,Mumbai,sports
U0714,User714,22,Chennai,sports
U0715,User715,19,Delhi,sports
U0716,User716,29,Mumbai,sports
U0717,User717,55,Mumbai,sports
U0718,User718,33,Chennai,sports
U0719,User719,19,Bangalore,sports
U0720,User720,26,Bangalore,sports
U0721,User721,55,Chennai,sports
U0722,User722,45,Delhi,sports
U0723,User723,35,Chennai,sports
U0724,User724,24,Delhi,sports
U0725,User725,54,Mumbai,sports
U0726,User726,47,Bangalore,sports
U0727,User727,43,Delhi,sports
U0728,User728,31,Mumbai,sports
U0729,User729,32,Chennai,sports
U0730,User730,38,Delhi,sports
U0731,User731,44,Bangalore,sports
U0732,User732,44,Bangalore,sports
U0733,User733,42,Mumbai,sports
U0734,User734,33,Chennai,sports
U0735,User735,18,Chennai,sports
U0736,User736,19,Delhi,sports
U0737,User737,28,Delhi,sports
U0738,User738,57,Delhi,sports
U0739,User739,51,Delhi,sports
U0740,User740,57,Delhi,sports
U0741,User741,43,Delhi,sports
U0742,User742,22,Bangalore,sports
U0743,User743,21,Delhi,sports
U0744,User744,32,Delhi,sports
U0745,User745,28,Mumbai,sports
U0746,User746,51,Chennai,sports
U0747,User747,33,Bangalore,sports
U0748,User748,39,Bangalore,sports
U0749,User749,31,Delhi,sports
U0750,User750,49,Delhi,sports
U0751,User751,47,Mumbai,sports
U0752,User752,45,Mumbai,sports
U0753,User753,42,Bangalore,sports
U0754,User754,23,Bangalore,sports
U0755,User755,22,Chennai,sports
U0756,User756,54,Delhi,sports
U0757,User757,27,Bangalore,sports
U0758,User758,38,Bangalore,sports
U0759,User759,58,Bangalore,sports
U0760,User760,19,Mumbai,sports
U0761,User761,48,Mumbai,sports
U0762,User762,30,Delhi,sports
U0763,User763,43,Delhi,sports
U0764,User764,35,Chennai,sports
U0765,User765,33,Mumbai,sports
U0766,User766,40,Chennai,sports
U0767,User767,57,Delhi,sports
U0768,User768,29,Mumbai,sports
U0769,User769,19,Bangalore,sports
U0770,User770,50,Chennai,sports
U0771,User771,25,Chennai,sports
U0772,User772,52,Delhi,sports
U0773,User773,59,Mumbai,sports
U0774,User774,26,Chennai,sports
U0775,User775,34,Mumbai,sports
U0776,User776,23,Delhi,sports
U0777,User777,38,Chennai,sports
U0778,User778,48,Delhi,sports
U0779,User779,21,Bangalore,sports
U0780,User780,27,Delhi,sports
U0781,User781,51,Delhi,sports
U0782,User782,43,Mumbai,sports
U0783,User783,26,Mumbai,sports
U0784,User784,29,Mumbai,sports
U0785,User785,26,Bangalore,sports
U0786,User786,18,Delhi,sports
U0787,User787,56,Mumbai,sports
U0788,User788,54,Delhi,sports
U0789,User789,35,Chennai,sports
U0790,User790,25,Mumbai,sports
U0791,User791,19,Delhi,sports
U0792,User792,20,Mumbai,sports
U0793,User793,26,Bangalore,sports
U0794,User794,38,Bangalore,sports
U0795,User795,19,Delhi,sports
U0796,User796,54,Delhi,sports
U0797,User797,58,Bangalore,sports
U0798,User798,49,Chennai,sports
U0799,User799,58,Bangalore,sports
U0800,User800,40,Bangalore,sports
U0801,User801,36,Chennai,sports
U0802,User802,27,Chennai,sports
U0803,User803,56,Delhi,sports
U0804,User804,28,Chennai,sports
U0805,User805,23,Chennai,sports
U0806,User806,22,Delhi,sports
U0807,User807,24,Bangalore,sports
U0808,User808,40,Bangalore,sports
U0809,User809,50,Chennai,sports
U0810,User810,35,Delhi,sports
U0811,User811,35,Bangalore,sports
U0812,User812,18,Mumbai,sports
U0813,User813,51,Chennai,sports
U0814,User814,23,Bangalore,sports
U0815,User815,33,Delhi,sports
U0816,User816,32,Mumbai,sports
U0817,User817,46,Chennai,sports
U0818,User818,21,Delhi,sports
U0819,User819,18,Bangalore,sports
U0820,User820,21,Bangalore,sports
U0821,User821,27,Delhi,sports
U0822,User822,34,Mumbai,sports
U0823,User823,45,Chennai,sports
U0824,User824,23,Chennai,sports
U0825,User825,29,Mumbai,sports
U0826,User826,22,Mumbai,sports
U0827,User827,34,Chennai,sports
U0828,User828,48,Delhi,sports
U0829,User829,51,Delhi,sports
U0830,User830,18,Chennai,sports
U0831,User831,49,Chennai,sports
U0832,User832,24,Delhi,sports
U0833,User833,21,Delhi,sports
U0834,User834,31,Chennai,sports
U0835,User835,33,Chennai,sports
U0836,User836,55,Chennai,sports
U0837,User837,56,Mumbai,sports
U0838,User838,44,Delhi,sports
U0839,User839,30,Mumbai,sports
U0840,User840,58,Mumbai,sports
U0841,User841,52,Delhi,sports
U0842,User842,51,Bangalore,sports
U0843,User843,34,Mumbai,sports
U0844,User844,50,Mumbai,sports
U0845,User845,31,Mumbai,sports
U0846,User846,52,Bangalore,sports
U0847,User847,22,Mumbai,sports
U0848,User848,21,Mumbai,sports
U0849,User849,54,Mumbai,sports
U0850,User850,38,Delhi,sports
U0851,User851,55,Mumbai,sports
U0852,User852,49,Delhi,sports
U0853,User853,52,Bangalore,sports
U0854,User854,20,Bangalore,sports
U0855,User855,52,Chennai,sports
U0856,User856,46,Mumbai,sports
U0857,User857,30,Mumbai,sports
U0858,User858,47,Bangalore,sports
U0859,User859,46,Mumbai,sports
U0860,User860,21,Mumbai,sports
U0861,User861,28,Bangalore,sports
U0862,User862,46,Delhi,sports
U0863,User863,48,Bangalore,sports
U0864,User864,27,Delhi,sports
U0865,User865,33,Bangalore,sports
U0866,User866,48,Delhi,sports
U0867,User867,51,Delhi,sports
U0868,User868,52,Chennai,sports
U0869,User869,48,Bangalore,sports
U0870,User870,26,Bangalore,sports
U0871,User871,59,Chennai,sports
U0872,User872,43,Chennai,sports
U0873,User873,28,Chennai,sports
U0874,User874,55,Delhi,sports
U0875,User875,25,Mumbai,sports
U0876,User876,36,Bangalore,sports
U0877,User877,52,Delhi,sports
U0878,User878,18,Bangalore,sports
U0879,User879,21,Bangalore,sports
U0880,User880,30,Mumbai,sports
U0881,User881,32,Delhi,sports
U0882,User882,41,Bangalore,sports
U0883,User883,36,Delhi,sports
U0884,User884,38,Chennai,sports
U0885,User885,23,Bangalore,sports
U0886,User886,30,Delhi,sports
U0887,User887,58,Bangalore,sports
U0888,User888,35,Bangalore,sports
U0889,User889,50,Bangalore,sports
U0890,User890,45,Mumbai,sports
U0891,User891,36,Delhi,sports
U0892,User892,48,Delhi,sports
U0893,User893,44,Mumbai,sports
U0894,User894,36,Delhi,sports
U0895,User895,51,Mumbai,sports
U0896,User896,40,Delhi,sports
U0897,User897,48,Bangalore,sports
U0898,User898,25,Mumbai,sports
U0899,User899,57,Chennai,sports
U0900,User900,34,Chennai,sports
U0901,User901,50,Bangalore,sports
U0902,User902,38,Delhi,sports
U0903,User903,35,Chennai,sports
U0904,User904,27,Mumbai,sports
U0905,User905,48,Bangalore,sports
U0906,User906,21,Mumbai,sports
U0907,User907,18,Delhi,sports
U0908,User908,41,Bangalore,sports
U0909,User909,27,Delhi,sports
U0910,User910,36,Mumbai,sports
U0911,User911,18,Delhi,sports
U0912,User912,19,Mumbai,sports
U0913,User913,20,Mumbai,sports
U0914,User914,23,Delhi,sports
U0915,User915,51,Delhi,sports
U0916,User916,46,Bangalore,sports
U0917,User917,57,Mumbai,sports
U0918,User918,18,Chennai,sports
U0919,User919,45,Delhi,sports
U0920,User920,23,Mumbai,sports
U0921,User921,22,Delhi,sports
U0922,User922,22,Mumbai,sports
U0923,User923,46,Bangalore,sports
U0924,User924,52,Bangalore,sports
U0925,User925,43,Mumbai,sports
U0926,User926,56,Mumbai,sports
U0927,User927,52,Mumbai,sports
U0928,User928,59,Mumbai,sports
U0929,User929,54,Chennai,sports
U0930,User930,59,Delhi,sports
U0931,User931,43,Mumbai,sports
U0932,User932,36,Mumbai,sports
U0933,User933,54,Chennai,sports
U0934,User934,46,Chennai,sports
U0935,User935,24,Chennai,sports
U0936,User936,56,Mumbai,sports
U0937,User937,52,Mumbai,sports
U0938,User938,49,Bangalore,sports
U0939,User939,45,Chennai,sports
U0940,User940,40,Mumbai,sports
U0941,User941,51,Chennai,sports
U0942,User942,20,Bangalore,sports
U0943,User943,32,Mumbai,sports
U0944,User944,54,Bangalore,sports
U0945,User945,19,Mumbai,sports
U0946,User946,58,Mumbai,sports
U0947,User947,31,Bangalore,sports
U0948,User948,57,Mumbai,sports
U0949,User949,18,Bangalore,sports
U0950,User950,45,Mumbai,sports
U0951,User951,50,Bangalore,sports
U0952,User952,29,Delhi,sports
U0953,User953,23,Mumbai,sports
U0954,User954,50,Bangalore,sports
U0955,User955,58,Bangalore,sports
U0956,User956,45,Chennai,sports
U0957,User957,58,Delhi,sports
U0958,User958,27,Bangalore,sports
U0959,User959,31,Bangalore,sports
U0960,User960,53,Chennai,sports
U0961,User961,41,Chennai,sports
U0962,User962,42,Chennai,sports
U0963,User963,58,Bangalore,sports
U0964,User964,32,Chennai,sports
U0965,User965,49,Bangalore,sports
U0966,User966,37,Chennai,sports
U0967,User967,45,Delhi,sports
U0968,User968,57,Mumbai,sports
U0969,User969,28,Chennai,sports
U0970,User970,55,Bangalore,sports
U0971,User971,28,Mumbai,sports
U0972,User972,53,Delhi,sports
U0973,User973,30,Chennai,sports
U0974,User974,33,Mumbai,sports
U0975,User975,54,Chennai,sports
U0976,User976,32,Chennai,sports
U0977,User977,53,Delhi,sports
U0978,User978,49,Chennai,sports
U0979,User979,21,Chennai,sports
U0980,User980,40,Delhi,sports
U0981,User981,45,Mumbai,sports
U0982,User982,33,Delhi,sports
U0983,User983,23,Chennai,sports
U0984,User984,35,Delhi,sports
U0985,User985,38,Chennai,sports
U0986,User986,27,Chennai,sports
U0987,User987,30,Delhi,sports
U0988,User988,35,Mumbai,sports
U0989,User989,51,Chennai,sports
U0990,User990,49,Delhi,sports
U0991,User991,56,Bangalore,sports
U0992,User992,56,Delhi,sports
U0993,User993,38,Bangalore,sports
U0994,User994,57,Mumbai,sports
U0995,User995,19,Chennai,sports
U0996,User996,59,Mumbai,sports
U0997,User997,22,Mumbai,sports
U0998,User998,18,Mumbai,sports
U0999,User999,55,Chennai,sports
U1000,User1000,35,Bangalore,sports
U1001,User1001,55,Bangalore,fashion
U1002,User1002,34,Chennai,fashion
U1003,User1003,36,Bangalore,fashion
U1004,User1004,28,Bangalore,fashion
U1005,User1005,34,Mumbai,fashion
U1006,User1006,35,Mumbai,fashion
U1007,User1007,55,Delhi,fashion
U1008,User1008,22,Bangalore,fashion
U1009,User1009,37,Delhi,fashion
U1010,User1010,39,Delhi,fashion
U1011,User1011,23,Chennai,fashion
U1012,User1012,43,Chennai,fashion
U1013,User1013,28,Mumbai,fashion
U1014,User1014,55,Chennai,fashion
U1015,User1015,53,Chennai,fashion
U1016,User1016,50,Chennai,fashion
U1017,User1017,46,Chennai,fashion
U1018,User1018,39,Bangalore,fashion
U1019,User1019,45,Bangalore,fashion
U1020,User1020,58,Mumbai,fashion
U1021,User1021,43,Bangalore,fashion
U1022,User1022,56,Bangalore,fashion
U1023,User1023,37,Chennai,fashion
U1024,User1024,21,Chennai,fashion
U1025,User1025,29,Mumbai,fashion
U1026,User1026,36,Bangalore,fashion
U1027,User1027,19,Delhi,fashion
U1028,User1028,41,Bangalore,fashion
U1029,User1029,58,Bangalore,fashion
U1030,User1030,53,Chennai,fashion
U1031,User1031,38,Bangalore,fashion
U1032,User1032,32,Chennai,fashion
U1033,User1033,41,Mumbai,fashion
U1034,User1034,57,Delhi,fashion
U1035,User1035,48,Chennai,fashion
U1036,User1036,34,Mumbai,fashion
U1037,User1037,20,Mumbai,fashion
U1038,User1038,55,Bangalore,fashion
U1039,User1039,48,Chennai,fashion
U1040,User1040,47,Mumbai,fashion
U1041,User1041,57,Bangalore,fashion
U1042,User1042,20,Mumbai,fashion
U1043,User1043,40,Delhi,fashion
U1044,User1044,39,Bangalore,fashion
U1045,User1045,25,Chennai,fashion
U1046,User1046,52,Delhi,fashion
U1047,User1047,41,Bangalore,fashion
U1048,User1048,50,Delhi,fashion
U1049,User1049,34,Chennai,fashion
U1050,User1050,37,Mumbai,fashion
U1051,User1051,36,Mumbai,fashion
U1052,User1052,52,Bangalore,fashion
U1053,User1053,38,Bangalore,fashion
U1054,User1054,41,Chennai,fashion
U1055,User1055,36,Chennai,fashion
U1056,User1056,26,Chennai,fashion
U1057,User1057,19,Delhi,fashion
U1058,User1058,27,Bangalore,fashion
U1059,User1059,44,Delhi,fashion
U1060,User1060,35,Bangalore,fashion
U1061,User1061,28,Bangalore,fashion
U1062,User1062,42,Mumbai,fashion
U1063,User1063,42,Chennai,fashion
U1064,User1064,26,Delhi,fashion
U1065,User1065,58,Chennai,fashion
U1066,User1066,36,Mumbai,fashion
U1067,User1067,40,Mumbai,fashion
U1068,User1068,36,Bangalore,fashion
U1069,User1069,59,Chennai,fashion
U1070,User1070,24,Chennai,fashion
U1071,User1071,31,Chennai,fashion
U1072,User1072,33,Mumbai,fashion
U1073,User1073,33,Bangalore,fashion
U1074,User1074,30,Chennai,fashion
U1075,User1075,25,Bangalore,fashion
U1076,User1076,25,Delhi,fashion
U1077,User1077,32,Chennai,fashion
U1078,User1078,27,Mumbai,fashion
U1079,User1079,43,Bangalore,fashion
U1080,User1080,48,Mumbai,fashion
U1081,User1081,22,Delhi,fashion
U1082,User1082,22,Bangalore,fashion
U1083,User1083,30,Chennai,fashion
U1084,User1084,18,Delhi,fashion
U1085,User1085,20,Bangalore,fashion
U1086,User1086,51,Chennai,fashion
U1087,User1087,35,Chennai,fashion
U1088,User1088,18,Delhi,fashion
U1089,User1089,29,Chennai,fashion
U1090,User1090,39,Chennai,fashion
U1091,User1091,37,Bangalore,fashion
U1092,User1092,23,Mumbai,fashion
U1093,User1093,52,Mumbai,fashion
U1094,User1094,33,Delhi,fashion
U1095,User1095,21,Bangalore,fashion
U1096,User1096,49,Bangalore,fashion
U1097,User1097,59,Mumbai,fashion
U1098,User1098,49,Mumbai,fashion
U1099,User1099,45,Bangalore,fashion
U1100,User1100,28,Bangalore,fashion
U1101,User1101,30,Chennai,fashion
U1102,User1102,37,Mumbai,fashion
U1103,User1103,50,Delhi,fashion
U1104,User1104,35,Mumbai,fashion
U1105,User1105,54,Bangalore,fashion
U1106,User1106,54,Mumbai,fashion
U1107,User1107,53,Bangalore,fashion
U1108,User1108,58,Chennai,fashion
U1109,User1109,55,Chennai,fashion
U1110,User1110,43,Chennai,fashion
U1111,User1111,28,Bangalore,fashion
U1112,User1112,32,Delhi,fashion
U1113,User1113,31,Delhi,fashion
U1114,User1114,45,Chennai,fashion
U1115,User1115,33,Mumbai,fashion
U1116,User1116,35,Chennai,fashion
U1117,User1117,32,Mumbai,fashion
U1118,User1118,31,Bangalore,fashion
U1119,User1119,42,Chennai,fashion
U1120,User1120,23,Mumbai,fashion
U1121,User1121,46,Delhi,fashion
U1122,User1122,28,Chennai,fashion
U1123,User1123,24,Chennai,fashion
U1124,User1124,23,Bangalore,fashion
U1125,User1125,37,Mumbai,fashion
U1126,User1126,23,Chennai,fashion
U1127,User1127,50,Delhi,fashion
U1128,User1128,40,Chennai,fashion
U1129,User1129,42,Bangalore,fashion
U1130,User1130,20,Mumbai,fashion
U1131,User1131,31,Chennai,fashion
U1132,User1132,51,Mumbai,fashion
U1133,User1133,19,Delhi,fashion
U1134,User1134,50,Mumbai,fashion
U1135,User1135,25,Delhi,fashion
U1136,User1136,56,Bangalore,fashion
U1137,User1137,23,Bangalore,fashion
U1138,User1138,37,Bangalore,fashion
U1139,User1139,42,Bangalore,fashion
U1140,User1140,33,Delhi,fashion
U1141,User1141,36,Chennai,fashion
U1142,User1142,27,Chennai,fashion
U1143,User1143,36,Chennai,fashion
U1144,User1144,59,Chennai,fashion
U1145,User1145,35,Bangalore,fashion
U1146,User1146,35,Mumbai,fashion
U1147,User1147,29,Bangalore,fashion
U1148,User1148,41,Bangalore,fashion
U1149,User1149,37,Mumbai,fashion
U1150,User1150,38,Delhi,fashion
U1151,User1151,34,Bangalore,fashion
U1152,User1152,32,Chennai,fashion
U1153,User1153,57,Chennai,fashion
U1154,User1154,54,Delhi,fashion
U1155,User1155,48,Chennai,fashion
U1156,User1156,58,Bangalore,fashion
U1157,User1157,30,Chennai,fashion
U1158,User1158,37,Chennai,fashion
U1159,User1159,51,Mumbai,fashion
U1160,User1160,49,Bangalore,fashion
U1161,User1161,54,Mumbai,fashion
U1162,User1162,53,Mumbai,fashion
U1163,User1163,50,Mumbai,fashion
U1164,User1164,45,Mumbai,fashion
U1165,User1165,27,Delhi,fashion
U1166,User1166,54,Delhi,fashion
U1167,User1167,24,Chennai,fashion
U1168,User1168,40,Delhi,fashion
U1169,User1169,56,Bangalore,fashion
U1170,User1170,40,Mumbai,fashion
U1171,User1171,32,Bangalore,fashion
U1172,User1172,51,Chennai,fashion
U1173,User1173,29,Bangalore,fashion
U1174,User1174,46,Chennai,fashion
U1175,User1175,23,Delhi,fashion
U1176,User1176,41,Mumbai,fashion
U1177,User1177,49,Mumbai,fashion
U1178,User1178,20,Delhi,fashion
U1179,User1179,37,Chennai,fashion
U1180,User1180,36,Mumbai,fashion
U1181,User1181,18,Bangalore,fashion
U1182,User1182,29,Mumbai,fashion
U1183,User1183,57,Mumbai,fashion
U1184,User1184,49,Mumbai,fashion
U1185,User1185,46,Chennai,fashion
U1186,User1186,21,Delhi,fashion
U1187,User1187,58,Bangalore,fashion
U1188,User1188,35,Mumbai,fashion
U1189,User1189,28,Mumbai,fashion
U1190,User1190,42,Mumbai,fashion
U1191,User1191,58,Mumbai,fashion
U1192,User1192,37,Chennai,fashion
U1193,User1193,43,Bangalore,fashion
U1194,User1194,50,Delhi,fashion
U1195,User1195,51,Mumbai,fashion
U1196,User1196,36,Mumbai,fashion
U1197,User1197,50,Delhi,fashion
U1198,User1198,52,Bangalore,fashion
U1199,User1199,35,Delhi,fashion
U1200,User1200,54,Mumbai,fashion
U1201,User1201,25,Mumbai,fashion
U1202,User1202,36,Chennai,fashion
U1203,User1203,44,Chennai,fashion
U1204,User1204,59,Bangalore,fashion
U1205,User1205,25,Delhi,fashion
U1206,User1206,32,Chennai,fashion
U1207,User1207,30,Chennai,fashion
U1208,User1208,27,Bangalore,fashion
U1209,User1209,55,Mumbai,fashion
U1210,User1210,51,Bangalore,fashion
U1211,User1211,51,Mumbai,fashion
U1212,User1212,46,Mumbai,fashion
U1213,User1213,41,Delhi,fashion
U1214,User1214,29,Bangalore,fashion
U1215,User1215,18,Bangalore,fashion
U1216,User1216,41,Chennai,fashion
U1217,User1217,28,Mumbai,fashion
U1218,User1218,25,Mumbai,fashion
U1219,User1219,30,Delhi,fashion
U1220,User1220,20,Bangalore,fashion
U1221,User1221,22,Bangalore,fashion
U1222,User1222,58,Mumbai,fashion
U1223,User1223,45,Mumbai,fashion
U1224,User1224,38,Chennai,fashion
U1225,User1225,40,Chennai,fashion
U1226,User1226,27,Bangalore,fashion
U1227,User1227,57,Mumbai,fashion
U1228,User1228,42,Delhi,fashion
U1229,User1229,24,Chennai,fashion
U1230,User1230,39,Mumbai,fashion
U1231,User1231,27,Chennai,fashion
U1232,User1232,45,Delhi,fashion
U1233,User1233,55,Chennai,fashion
U1234,User1234,34,Mumbai,fashion
U1235,User1235,31,Mumbai,fashion
U1236,User1236,59,Bangalore,fashion
U1237,User1237,29,Chennai,fashion
U1238,User1238,54,Chennai,fashion
U1239,User1239,54,Delhi,fashion
U1240,User1240,57,Chennai,fashion
U1241,User1241,59,Bangalore,fashion
U1242,User1242,32,Mumbai,fashion
U1243,User1243,26,Delhi,fashion
U1244,User1244,38,Mumbai,fashion
U1245,User1245,20,Mumbai,fashion
U1246,User1246,45,Bangalore,fashion
U1247,User1247,18,Chennai,fashion
U1248,User1248,30,Delhi,fashion
U1249,User1249,35,Bangalore,fashion
U1250,User1250,48,Chennai,fashion
U1251,User1251,43,Delhi,fashion
U1252,User1252,48,Chennai,fashion
U1253,User1253,29,Chennai,fashion
U1254,User1254,54,Chennai,fashion
U1255,User1255,20,Chennai,fashion
U1256,User1256,56,Delhi,fashion
U1257,User1257,41,Delhi,fashion
U1258,User1258,18,Chennai,fashion
U1259,User1259,24,Delhi,fashion
U1260,User1260,21,Mumbai,fashion
U1261,User1261,19,Bangalore,fashion
U1262,User1262,35,Mumbai,fashion
U1263,User1263,26,Bangalore,fashion
U1264,User1264,36,Mumbai,fashion
U1265,User1265,46,Delhi,fashion
U1266,User1266,57,Mumbai,fashion
U1267,User1267,36,Bangalore,fashion
U1268,User1268,28,Bangalore,fashion
U1269,User1269,41,Chennai,fashion
U1270,User1270,53,Bangalore,fashion
U1271,User1271,38,Bangalore,fashion
U1272,User1272,40,Mumbai,fashion
U1273,User1273,23,Delhi,fashion
U1274,User1274,22,Delhi,fashion
U1275,User1275,22,Bangalore,fashion
U1276,User1276,40,Mumbai,fashion
U1277,User1277,34,Chennai,fashion
U1278,User1278,27,Mumbai,fashion
U1279,User1279,44,Bangalore,fashion
U1280,User1280,59,Bangalore,fashion
U1281,User1281,31,Bangalore,fashion
U1282,User1282,54,Delhi,fashion
U1283,User1283,51,Mumbai,fashion
U1284,User1284,53,Mumbai,fashion
U1285,User1285,36,Delhi,fashion
U1286,User1286,30,Bangalore,fashion
U1287,User1287,41,Chennai,fashion
U1288,User1288,23,Bangalore,fashion
U1289,User1289,47,Delhi,fashion
U1290,User1290,34,Mumbai,fashion
U1291,User1291,34,Delhi,fashion
U1292,User1292,54,Mumbai,fashion
U1293,User1293,54,Delhi,fashion
U1294,User1294,25,Delhi,fashion
U1295,User1295,49,Mumbai,fashion
U1296,User1296,38,Mumbai,fashion
U1297,User1297,21,Delhi,fashion
U1298,User1298,51,Bangalore,fashion
U1299,User1299,33,Mumbai,fashion
U1300,User1300,21,Delhi,fashion
U1301,User1301,27,Mumbai,fashion
U1302,User1302,50,Mumbai,fashion
U1303,User1303,31,Mumbai,fashion
U1304,User1304,33,Chennai,fashion
U1305,User1305,42,Bangalore,fashion
U1306,User1306,37,Chennai,fashion
U1307,User1307,21,Delhi,fashion
U1308,User1308,57,Delhi,fashion
U1309,User1309,23,Mumbai,fashion
U1310,User1310,56,Delhi,fashion
U1311,User1311,21,Mumbai,fashion
U1312,User1312,23,Delhi,fashion
U1313,User1313,35,Chennai,fashion
U1314,User1314,59,Chennai,fashion
U1315,User1315,28,Bangalore,fashion
U1316,User1316,46,Delhi,fashion
U1317,User1317,20,Delhi,fashion
U1318,User1318,26,Mumbai,fashion
U1319,User1319,59,Mumbai,fashion
U1320,User1320,21,Mumbai,fashion
U1321,User1321,47,Bangalore,fashion
U1322,User1322,52,Mumbai,fashion
U1323,User1323,56,Chennai,fashion
U1324,User1324,23,Delhi,fashion
U1325,User1325,27,Bangalore,fashion
U1326,User1326,31,Mumbai,fashion
U1327,User1327,25,Delhi,fashion
U1328,User1328,26,Chennai,fashion
U1329,User1329,35,Delhi,fashion
U1330,User1330,30,Mumbai,fashion
U1331,User1331,50,Bangalore,fashion
U1332,User1332,57,Mumbai,fashion
U1333,User1333,56,Delhi,fashion
U1334,User1334,52,Delhi,fashion
U1335,User1335,48,Mumbai,fashion
U1336,User1336,55,Mumbai,fashion
U1337,User1337,36,Delhi,fashion
U1338,User1338,33,Mumbai,fashion
U1339,User1339,36,Chennai,fashion
U1340,User1340,51,Chennai,fashion
U1341,User1341,19,Mumbai,fashion
U1342,User1342,24,Bangalore,fashion
U1343,User1343,43,Delhi,fashion
U1344,User1344,56,Bangalore,fashion
U1345,User1345,54,Delhi,fashion
U1346,User1346,42,Delhi,fashion
U1347,User1347,33,Mumbai,fashion
U1348,User1348,39,Delhi,fashion
U1349,User1349,57,Delhi,fashion
U1350,User1350,26,Mumbai,fashion
U1351,User1351,56,Mumbai,fashion
U1352,User1352,29,Chennai,fashion
U1353,User1353,38,Chennai,fashion
U1354,User1354,59,Mumbai,fashion
U1355,User1355,30,Delhi,fashion
U1356,User1356,39,Chennai,fashion
U1357,User1357,41,Delhi,fashion
U1358,User1358,23,Bangalore,fashion
U1359,User1359,34,Mumbai,fashion
U1360,User1360,35,Delhi,fashion
U1361,User1361,57,Chennai,fashion
U1362,User1362,26,Bangalore,fashion
U1363,User1363,52,Mumbai,fashion
U1364,User1364,40,Chennai,fashion
U1365,User1365,56,Delhi,fashion
U1366,User1366,52,Mumbai,fashion
U1367,User1367,48,Chennai,fashion
U1368,User1368,21,Chennai,fashion
U1369,User1369,53,Delhi,fashion
U1370,User1370,35,Chennai,fashion
U1371,User1371,53,Bangalore,fashion
U1372,User1372,23,Bangalore,fashion
U1373,User1373,26,Mumbai,fashion
U1374,User1374,55,Bangalore,fashion
U1375,User1375,31,Chennai,fashion
U1376,User1376,41,Mumbai,fashion
U1377,User1377,30,Mumbai,fashion
U1378,User1378,49,Delhi,fashion
U1379,User1379,39,Bangalore,fashion
U1380,User1380,54,Bangalore,fashion
U1381,User1381,18,Bangalore,fashion
U1382,User1382,39,Delhi,fashion
U1383,User1383,32,Bangalore,fashion
U1384,User1384,47,Mumbai,fashion
U1385,User1385,46,Bangalore,fashion
U1386,User1386,51,Chennai,fashion
U1387,User1387,29,Delhi,fashion
U1388,User1388,56,Bangalore,fashion
U1389,User1389,22,Bangalore,fashion
U1390,User1390,40,Bangalore,fashion
U1391,User1391,48,Chennai,fashion
U1392,User1392,18,Mumbai,fashion
U1393,User1393,28,Bangalore,fashion
U1394,User1394,37,Mumbai,fashion
U1395,User1395,46,Bangalore,fashion
U1396,User1396,24,Delhi,fashion
U1397,User1397,24,Chennai,fashion
U1398,User1398,48,Bangalore,fashion
U1399,User1399,58,Chennai,fashion
U1400,User1400,54,Delhi,fashion
U1401,User1401,20,Delhi,fashion
U1402,User1402,29,Delhi,fashion
U1403,User1403,51,Bangalore,fashion
U1404,User1404,54,Bangalore,fashion
U1405,User1405,30,Mumbai,fashion
U1406,User1406,19,Chennai,fashion
U1407,User1407,38,Bangalore,fashion
U1408,User1408,58,Delhi,fashion
U1409,User1409,52,Delhi,fashion
U1410,User1410,30,Chennai,fashion
U1411,User1411,56,Delhi,fashion
U1412,User1412,38,Delhi,fashion
U1413,User1413,52,Delhi,fashion
U1414,User1414,38,Delhi,fashion
U1415,User1415,20,Chennai,fashion
U1416,User1416,42,Delhi,fashion
U1417,User1417,43,Mumbai,fashion
U1418,User1418,23,Chennai,fashion
U1419,User1419,40,Delhi,fashion
U1420,User1420,44,Chennai,fashion
U1421,User1421,23,Chennai,fashion
U1422,User1422,44,Chennai,fashion
U1423,User1423,49,Chennai,fashion
U1424,User1424,48,Chennai,fashion
U1425,User1425,18,Chennai,fashion
U1426,User1426,42,Mumbai,fashion
U1427,User1427,25,Bangalore,fashion
U1428,User1428,29,Mumbai,fashion
U1429,User1429,36,Chennai,fashion
U1430,User1430,46,Mumbai,fashion
U1431,User1431,30,Delhi,fashion
U1432,User1432,28,Mumbai,fashion
U1433,User1433,39,Chennai,fashion
U1434,User1434,45,Mumbai,fashion
U1435,User1435,43,Chennai,fashion
U1436,User1436,29,Mumbai,fashion
U1437,User1437,19,Mumbai,fashion
U1438,User1438,33,Chennai,fashion
U1439,User1439,23,Bangalore,fashion
U1440,User1440,28,Mumbai,fashion
U1441,User1441,43,Delhi,fashion
U1442,User1442,25,Delhi,fashion
U1443,User1443,27,Delhi,fashion
U1444,User1444,39,Bangalore,fashion
U1445,User1445,43,Delhi,fashion
U1446,User1446,41,Bangalore,fashion
U1447,User1447,21,Delhi,fashion
U1448,User1448,34,Chennai,fashion
U1449,User1449,32,Mumbai,fashion
U1450,User1450,39,Delhi,fashion
U1451,User1451,37,Bangalore,fashion
U1452,User1452,21,Chennai,fashion
U1453,User1453,50,Bangalore,fashion
U1454,User1454,46,Delhi,fashion
U1455,User1455,29,Mumbai,fashion
U1456,User1456,20,Delhi,fashion
U1457,User1457,43,Chennai,fashion
U1458,User1458,28,Mumbai,fashion
U1459,User1459,24,Chennai,fashion
U1460,User1460,49,Mumbai,fashion
U1461,User1461,59,Bangalore,fashion
U1462,User1462,48,Delhi,fashion
U1463,User1463,49,Delhi,fashion
U1464,User1464,49,Mumbai,fashion
U1465,User1465,49,Mumbai,fashion
U1466,User1466,30,Mumbai,fashion
U1467,User1467,46,Chennai,fashion
U1468,User1468,47,Delhi,fashion
U1469,User1469,49,Chennai,fashion
U1470,User1470,24,Delhi,fashion
U1471,User1471,19,Chennai,fashion
U1472,User1472,18,Chennai,fashion
U1473,User1473,23,Chennai,fashion
U1474,User1474,34,Bangalore,fashion
U1475,User1475,43,Delhi,fashion
U1476,User1476,36,Chennai,fashion
U1477,User1477,34,Chennai,fashion
U1478,User1478,40,Bangalore,fashion
U1479,User1479,49,Chennai,fashion
U1480,User1480,32,Chennai,fashion
U1481,User1481,19,Mumbai,fashion
U1482,User1482,53,Delhi,fashion
U1483,User1483,30,Bangalore,fashion
U1484,User1484,56,Chennai,fashion
U1485,User1485,34,Mumbai,fashion
U1486,User1486,58,Bangalore,fashion
U1487,User1487,54,Mumbai,fashion
U1488,User1488,18,Delhi,fashion
U1489,User1489,50,Chennai,fashion
U1490,User1490,39,Delhi,fashion
U1491,User1491,51,Delhi,fashion
U1492,User1492,54,Mumbai,fashion
U1493,User1493,49,Chennai,fashion
U1494,User1494,24,Bangalore,fashion
U1495,User1495,58,Delhi,fashion
U1496,User1496,32,Delhi,fashion
U1497,User1497,38,Chennai,fashion
U1498,User1498,41,Delhi,fashion
U1499,User1499,24,Bangalore,fashion
U1500,User1500,47,Mumbai,fashion
